Voltage,Current,Temperature,Charge_Cycles_Completed,Total_Cycle_Life,Remaining_Cycle_Life
3.574540118847363,9.664079977511673,22.85117051207718,932,1911,979
4.150714306409917,27.324096895228728,22.409363972159994,362,1432,1070
3.931993941811405,43.71081887588221,42.1876374156311,889,1426,537
3.7986584841970368,36.74513187727328,22.486385995485183,568,1570,1002
3.3560186404424366,40.42477681914176,23.158491783858928,1279,1338,59
3.355994520336203,33.10977665218051,37.78194787253891,424,1348,924
3.2580836121681997,34.7676899436337,28.492195273516202,500,1314,814
4.066176145774936,42.5351847524833,38.301316708655435,1064,1649,585
3.801115011743209,12.858566438529705,16.960984726931557,644,1262,618
3.9080725777960454,24.726535700335454,29.62713581020153,1252,1303,51
3.2205844942958026,11.44986737007031,16.008408005498477,1283,1867,584
4.169909852161995,49.389566395834024,16.879596103660635,549,1472,923
4.032442640800422,47.230937314487356,42.19312360033233,513,1205,692
3.4123391106782766,2.451627162741042,19.177361133527853,1197,1346,149
3.381824967207101,35.42597103952658,30.972620468256515,162,1383,1221
3.3834045098534338,46.29979171207546,27.332868078021196,1085,1227,142
3.504242242959538,9.43847958380301,25.42029978776528,1199,1749,550
3.724756431632238,28.61328891235516,41.99500037061817,380,1318,938
3.631945018642116,45.816670730608074,15.654701903264685,1356,1492,136
3.491229140198042,2.1803259399970427,34.91369058526767,189,1570,1381
3.8118528947223798,35.02230322871858,43.901833026406514,1474,1443,0
3.339493860652042,15.218775864941263,31.805045503855258,951,1779,828
3.492144648535218,46.25761167113826,43.104673860992754,1170,1925,755
3.566361843293692,48.5673831356857,16.56773637858071,566,1417,851
3.6560699842170363,47.24119121111498,27.56379957222484,618,1376,758
3.985175961393014,23.973603724544457,22.804733728861535,895,1498,603
3.39967378215836,43.17111122397102,36.924628949421894,1142,1875,733
3.714234438413612,42.30519522748598,44.4389127149174,167,1257,1090
3.7924145688620428,16.295473425541154,22.695901873327436,937,1468,531
3.246450412719998,41.53131597045853,34.62523804422223,1132,1507,375
3.8075448519014383,2.3318779184168847,20.942928982792203,1106,1769,663
3.3705241236872916,30.015358984861624,31.959907637148298,1391,1487,96
3.2650515929852797,11.885437445741301,28.917974600650084,99,1304,1205
4.148885537253333,6.468060845975301,44.16015988894611,68,1427,1359
4.1656320330745595,4.309183480645853,33.255818180893996,775,1446,671
4.008397348116461,34.966294405967915,25.485191162604565,246,1899,1653
3.5046137691733708,17.323810706519275,18.422873546638,608,1693,1085
3.2976721140063843,36.37595519067369,19.537404862048035,501,1282,781
3.884233026512157,3.7351388695476473,21.759507898537052,338,1385,1047
3.6401524937396017,16.10687172261521,22.52899984020894,1214,1451,237
3.3220382348447792,27.204818972579194,40.51848173523413,1157,1554,397
3.6951769101112704,39.6407966595287,31.83668364847575,440,1949,1509
3.2343885211152186,16.27824889513746,30.701727341230992,264,1895,1631
4.109320402078782,31.48162313363195,18.443066156076526,264,1995,1731
3.458779981600017,44.35589853769126,40.80419080048305,1476,1409,0
3.8625222843539824,30.985227815024075,36.68442909625451,177,1808,1631
3.5117110760894112,12.031494000304871,17.03005085700005,809,1646,837
3.720068021177811,1.707838687048632,36.23505291689306,453,1659,1206
3.74671027934328,43.56989425809603,31.30614652027938,1102,1671,569
3.3848544555255273,1.5528358370941633,17.45176037240335,387,1919,1532
4.169584627764559,43.79773279786787,28.749019245859692,880,1569,689
3.9751328233611147,26.682388134346994,29.54088861390141,763,1691,928
4.139498941564189,46.98385107638836,19.97323620489827,410,1336,926
4.094827350427649,40.03977017079644,43.37094441000847,618,1566,948
3.797899978811085,49.8977384714002,40.49926114441986,1465,1383,0
4.1218742350231174,17.860234864859653,35.07067011987325,267,1787,1520
3.28849250205192,38.47582030209078,28.868866830018217,251,1486,1235
3.3959828624191455,20.395580223657486,27.352966247535257,66,1671,1605
3.245227288910538,24.253843205043488,34.529204014528624,371,1574,1203
3.5253303307632646,31.56152042930932,31.362956082207162,567,1853,1286
3.5886772896894823,43.74701715222377,16.86819317645657,1398,1948,550
3.471349031773896,49.21213172536511,30.37507946310995,1485,1736,251
4.028737509151929,38.52953398629365,39.192108516985186,1391,1710,319
3.5567533266935896,21.17945571728302,28.77719632790874,730,1778,1048
3.4809345096873807,21.357171612714975,16.558697326628053,1155,1449,294
3.7426960831582488,37.01032392865013,38.588345981520995,474,1709,1235
3.3409242249747626,12.319468715530965,21.04091346407923,1277,1829,552
4.002196980754039,5.9684686000040355,22.758625046641164,1068,1272,204
3.274550643679771,18.05379680321844,19.941190602968877,436,1481,1045
4.1868869366005175,14.718330086877046,24.906451946144927,827,1559,732
3.9722447692966574,15.167251962571509,37.70254517065905,147,1209,1062
3.3987156815341724,12.063583676970541,30.58157578511812,1418,1410,0
3.2055221171236026,2.583612886999913,21.146438224521376,257,1351,1094
4.0154614284548344,1.3847597693039835,41.33490234456123,635,1204,569
3.9068573438476175,49.39225829193356,41.387455648545874,215,1394,1179
3.9290071680409877,21.674770119925185,41.11735275138021,71,1482,1411
3.971270346685946,19.524169034404242,22.16388634144618,203,1663,1460
3.2740446517340906,34.14254049330696,28.537180325429645,1368,1312,0
3.558465728544273,11.303567449320676,44.54968968422625,268,1470,1202
3.31586905952513,47.523078605536156,38.16037428929971,718,1362,644
4.063103425875593,39.42407821356983,15.815022636766795,279,1659,1380
3.823298126827558,4.925844614456846,16.95613773781476,69,1304,1235
3.5308980248526494,21.170248401353955,28.917941304369982,602,1892,1290
3.263558350286024,44.016356224327154,42.27660617584681,999,1755,756
3.5109823217156624,47.26423510342481,31.161053938581425,197,1481,1284
3.5251833220267472,23.636374806868552,29.934375241028707,1181,1886,705
3.929606178338064,30.86386376593003,18.164210998698916,452,1361,909
3.8375574713552134,8.768180331557724,34.70340314172882,645,1550,905
4.087212742576327,49.56284699378034,39.66309481800677,416,1633,1217
3.6722149251619496,11.967749218480447,26.412600225226868,1487,1339,0
3.319594245938302,47.16522281968872,38.26835552775982,1382,1670,288
3.913244787222995,32.65750912512224,43.93429961702435,851,1331,480
3.9607850486168976,30.582971346503527,21.112993773830674,967,1286,319
3.7612771975694965,25.878081295317173,30.69988893584224,1207,1887,680
3.9709671799545614,11.918155680029056,23.614138742537264,1356,1382,26
3.693795596364391,9.238137584272659,38.785632571015185,122,1567,1445
3.7227328293819943,11.41406734897368,32.32780097643473,530,1328,798
3.6275410183585497,9.7286939761406,34.03747252650911,1425,1445,20
3.2254191267440953,39.08943144155429,38.93742478847682,609,1800,1191
3.3078914269933044,17.83120032875314,26.879114179873646,1399,1777,378
3.2314291856867343,3.36321248988812,42.45270205221129,794,1869,1075
3.8364104112637807,48.470580191970164,30.9908660173842,149,1577,1428
3.514355981076327,44.24740130568957,19.73864468506044,1132,1348,216
3.708570691164703,46.42373801816304,35.876973545064075,557,1632,1075
4.107566473926093,49.747937220998544,38.797840513147634,307,1827,1520
3.4492922291488752,9.107814836364621,24.5028503120258,462,1925,1463
3.6103829230356297,20.11397993568161,40.71537770996259,1138,1668,530
3.955551138543049,38.03280454735252,42.18429764297299,644,1645,1001
3.4287981654916226,34.953020593662714,23.307134621334267,1227,1680,453
3.276979909828793,8.117847363822825,44.50564418145666,315,1493,1178
3.4897514529137683,40.88373968703558,19.221345841462753,870,1964,1094
3.3612212872540046,11.609808305914703,21.0604700520747,1152,1342,190
4.129697652342573,11.578971933719842,20.526745177140782,1388,1449,61
4.008120379564417,27.080233933223973,41.819691300236116,711,1501,790
3.8334037565104238,29.850526774664306,34.62877656974885,996,1224,228
4.071460590187717,29.21426728797165,19.563128496668185,609,1988,1379
4.0036720768991145,5.028598451188866,28.20970255105047,966,1269,303
3.386570058886036,43.934312700203826,33.458940752094065,940,1824,884
4.092558998489978,13.64720210814095,17.503922549681498,1321,1311,0
3.739342241915651,6.910988603498806,41.472491052220164,917,1563,646
4.007440155164063,44.49302995351437,39.108106063246055,659,1502,843
4.0960912999234935,47.804749162372794,30.156203207299146,463,1670,1207
3.518003474971864,43.175317054639805,44.01379845777511,74,1290,1216
3.310051924527677,40.57104569888146,27.53282937825299,333,1729,1396
3.427935162541942,32.93447804163158,44.523309571094934,930,1860,930
3.6271077886262564,27.767439845152396,35.03759996410881,350,1938,1588
4.018014765922493,4.805844615614802,34.04013819761825,1141,1925,784
4.060730583256344,20.718434046999587,19.97864685887355,1080,1862,782
3.206952130531191,18.948081592109542,41.45783274913932,866,1391,525
3.710747302577566,13.357812296136148,27.824690637618453,1210,1751,541
3.617411003148779,36.30929562758495,19.867002173474383,1237,1441,204
3.4221078104707305,25.045848886399156,15.37822559927277,132,1337,1205
3.319865367333683,4.511787687428573,31.792670509151478,1493,1544,51
3.537615171403628,11.39906849651566,30.82198866368029,1146,1379,233
4.142909703912519,34.321308801149996,36.580608671074756,1310,1911,601
3.523202932020755,4.268477544769859,41.70774159053406,95,1702,1607
3.7187906217433664,42.63474224541405,17.382197539290885,667,1402,735
3.903018958895178,25.00975308719173,36.944894710210875,977,1772,795
3.563629602379294,24.289035577669075,20.622358322927468,311,1391,1080
4.171782082720961,29.82418534064612,40.74531159471492,225,1204,979
4.162447294942112,41.321707813294886,39.571905415849685,1239,1436,197
3.4517822958253643,17.716555791158555,31.22381264956633,706,1892,1186
3.697248505892386,34.061799551673644,36.307283958699344,891,1510,619
3.5008783098167697,28.503732217791658,24.430503395512453,419,1748,1329
3.484840494377468,13.717899373386356,29.13503696798444,103,1255,1152
3.2368869473545328,43.99218432458032,39.64910693131415,739,1642,903
3.809564333979897,39.972588069542944,28.777955915196415,1492,1436,0
3.7026790232288618,33.093365815592065,25.733947959763256,1414,1396,0
3.2514787512499894,42.60379559016497,29.826373417508997,1200,1784,584
3.4786464642366117,43.43106294751022,39.84747757311655,1482,1770,288
4.108265885966654,35.563967347394225,25.05624142112618,416,1951,1535
3.4395618906669725,41.932159754001766,20.212847794072314,1344,1713,369
3.3448948720912233,35.02483735262954,36.36042060992342,693,1648,955
3.6894527602775633,34.16696820213487,39.779346381242455,428,1559,1131
4.1856504541106005,31.121263221651624,18.019124355706,122,1899,1777
3.4420552715115007,37.75947365810324,22.19622338267834,964,1229,265
3.872135547405879,8.350952712007148,19.25915969282982,1321,1978,657
3.9616196153287175,44.103102580346956,25.438242347465,909,1307,398
3.4376375439924,43.65625462338898,28.510529367162377,92,1801,1709
3.9282163486118598,1.9477405102106777,37.464790108899194,426,1916,1490
3.5677831327192533,41.37792915295575,34.534427546450225,1114,1644,530
3.8323058305935795,6.8790584399355375,33.627857024352934,219,1637,1418
3.833529710760895,17.088383285827526,25.571248398289633,261,1931,1670
3.7357746840747588,37.30365868643459,40.2434265925428,88,1805,1717
3.2902897700544083,8.457614854391256,29.138615021944936,418,1656,1238
4.035302495589238,40.98936769389358,44.37314814045463,806,1814,1008
3.520780064971736,41.690641808908225,34.024264148872106,200,1934,1734
3.3865185103998545,25.61965282116139,18.78794224693508,1184,1897,713
3.240775141554764,0.8161006499832621,35.28532686226302,1120,1895,775
3.790892943188242,14.708387592158182,24.753120462950967,1073,1694,621
3.877564361842283,31.03788245959924,35.58981590058292,786,1873,1087
3.216587828927856,49.06871581235746,17.089234444872172,1439,1446,7
3.7120930582992813,31.774769587325085,20.24644311527878,118,1742,1624
3.426495775197938,13.36027726267591,40.67211776717359,348,1763,1415
3.84517279040945,31.88328230343076,21.815386710705447,993,1787,794
3.3743664290049917,27.229276295934845,40.111233757288204,851,1638,787
3.8909377381024663,39.10234705998161,23.37828265363231,345,1477,1132
3.5867353463005376,5.795541621934441,34.28645730176123,252,1751,1499
4.136729988736735,38.17088117385039,35.82451720529493,110,1812,1702
3.3375209441459934,27.292695644467457,30.379642594351587,995,1310,315
3.541066351050259,48.168104191020234,24.15932030090194,1012,1584,572
3.3134735212405895,17.42267221891496,21.379331291132885,1387,1960,573
4.124693618278563,31.81478371013043,15.995680636872788,1234,1390,156
4.077339353380982,46.63539122274587,24.118392037221714,380,1689,1309
3.457941627715156,5.574231535538623,34.594883715938494,387,1893,1506
3.859984046034179,46.89281011820433,43.14914455345448,1377,1625,248
4.017222200201216,34.55034325389026,41.136134467891566,1411,1604,193
3.7552008115994626,3.8579344257060093,37.98194329605908,688,1534,846
3.7296505783560066,15.397696563867404,38.653420297598956,324,1408,1084
3.441852290900452,35.554518387941435,34.94954710427986,1237,1221,0
3.2931027678058995,3.833854772704199,22.80860572698009,368,1877,1509
4.097215757953327,29.317437778725527,42.21585092117489,638,1810,1172
4.10041805716333,17.62121131917136,35.12196935717502,553,1407,854
3.8331014572732682,31.235318129490118,31.8132189294132,436,1207,771
3.539029791048701,2.764230673719386,18.329684076404433,919,1901,982
3.549209574612661,43.64107190454263,28.411666314192765,882,1886,1004
3.9259556788702397,48.68770397428115,28.81074813605779,1064,1984,920
4.0971102599525775,48.45945383664173,40.936908285680104,652,1728,1076
4.0870864242651175,37.60776567127478,31.399446605633653,740,1801,1061
3.979875545857624,6.939268886466283,26.412016469112288,543,1852,1309
3.842031646154288,38.03402819848662,44.30400985531978,539,1856,1317
3.284139964995049,1.7170523647106748,18.321617799789472,770,1365,595
3.361628714094614,1.595115800685364,27.676452849358338,1146,1695,549
4.098554188527079,16.518705847902293,16.26074025514216,558,1789,1231
3.80642905965959,24.687837925030955,37.19712362300791,439,1628,1189
3.2091970516166297,38.63516718148576,42.54229656597452,344,1973,1629
3.3014715428660324,34.323121142022,23.401119886514685,1442,1362,0
3.8635017691080558,22.572183965649042,40.75025030397363,845,1565,720
3.205061583846219,14.04451998094246,23.766546913856935,914,1725,811
3.3608080514174987,49.8576627578067,42.32310484931746,598,1438,840
3.7487337893665864,21.59597446068066,37.61885710790352,698,1271,573
3.891895197692693,22.843657704318936,39.14720330524316,617,1644,1027
3.851961259502601,8.599379148987625,15.540196668013635,1260,1854,594
3.42426930946056,39.843072663121504,43.88431071222078,902,1708,806
3.912179221347536,34.83727017618369,36.8001297621097,819,1994,1175
3.4372490874968005,11.42809583304364,24.142532861584,494,1468,974
3.525399698159268,4.577861757984214,39.88183994576541,412,1952,1540
3.9464914051180244,34.1847154526983,23.445635952447898,172,1614,1442
3.849632899047215,32.8983051069162,41.18261518698384,1261,1444,183
4.049223410494178,14.026346586411362,18.37741171235811,791,1874,1083
3.8576128923003434,47.56774633139531,36.11057932382387,729,1259,530
3.7683086033354716,7.977365643154561,31.22095429934731,469,1205,736
3.293674767828093,21.900572651608794,17.896034105863222,1325,1908,583
3.567715803059434,47.20898804829614,22.25681484776517,1408,1769,361
3.4652023676817256,21.276502187843054,15.372121088319444,141,1606,1465
3.4439896433790835,32.10703440937223,29.063038963935174,112,1416,1304
4.173010554752445,20.180922699158316,24.03795782280001,561,1225,664
3.5930977246667606,14.073652516259166,32.95072452893277,1212,1204,0
4.092046555177113,49.206893574011495,23.917134231258515,1258,1731,473
3.831138625997263,20.762033312594628,23.99757334520954,1278,1589,311
3.9948113035416486,44.757910582117155,37.2957959619481,821,1909,1088
3.702637093105192,11.882752991608767,16.444285079350603,1287,1770,483
3.776903884626359,11.048682849241624,42.08684985575962,305,1647,1342
3.692517693818864,2.0411371027833125,40.567916231735445,184,1953,1769
3.395242987798045,32.75750785610631,35.03414049679219,924,1345,421
3.9224521152615055,18.742054014326175,32.79664710322153,871,1587,716
3.480772362440856,43.285733367062036,41.76907494418957,137,1984,1847
3.224315966431454,23.92389038123208,20.559905385861434,1037,1448,411
3.845472295907168,48.42557468177873,17.36907486572486,1280,1725,445
3.377110679407049,9.683513027304496,22.185305097286143,1202,1661,459
4.140458584352914,43.49684681380273,38.83734836100571,872,1212,340
4.1539285770025876,38.941544213191214,16.0401080017945,1076,1583,507
4.114864390220449,38.66063130988057,32.48420505250469,1023,1755,732
3.5701587002554445,42.31676979178594,44.8631254857393,983,1598,615
3.2154566165288676,38.17068755167845,40.670882815126184,170,1218,1048
4.128318562587726,31.497905920755063,30.643370671307686,1458,1774,316
3.6281841483173145,6.996621445278185,16.90922727859927,1111,1690,579
4.16665481904367,2.11004588481697,39.94120543157129,1414,1950,536
4.163619977089253,46.081968466876496,32.969355245316315,1057,1618,561
4.05300945546736,31.024190568776532,18.447989911787005,974,1536,562
3.494448892069586,39.928595903320726,17.815718544700687,694,1618,924
3.5850977286019257,24.33535639987123,42.28880458309777,763,1811,1048
4.051136671516857,6.306755353638526,35.07600788814236,909,1874,965
3.5169220051562777,6.696696714026246,39.87860397950267,70,1321,1251
3.3694927466860927,34.43548171783408,41.36936700846802,291,1631,1340
3.7568012624583504,21.800141797523402,32.15317056144967,504,1243,739
4.136154774160781,10.425973971666668,30.523390552651236,1012,1516,504
3.896029796674973,24.833930063701125,27.912822309629703,670,1580,910
3.770061170089365,3.6783423852191373,24.50839763373358,352,1344,992
3.2971764937707686,29.30758439476274,28.037878825761354,852,1526,674
3.81500722669917,13.815173519537336,38.21638967190469,1013,1562,549
4.190053850104263,39.979175481540814,33.05770293045394,118,1249,1131
3.340084015236524,15.862916966716902,41.775698698645385,1202,1264,62
3.718329652363737,23.03339737954916,28.301400431375633,245,1554,1309
4.077373071927956,1.0752167254509815,33.21268736156262,189,1999,1810
3.9407686177542045,4.086120945830665,33.93922659275966,332,1363,1031
3.8970157409952684,19.9284310421309,32.75091486918977,361,1340,979
3.9024840839871096,24.256972318497613,36.07901319256549,795,1327,532
3.5594911512197553,30.201017131905534,22.123004051244187,326,1597,1271
3.4935918442644933,14.93729764611051,30.370913326373717,110,1662,1552
4.009361155478514,34.90160336326386,18.12674408425043,1392,1950,558
4.0101133946791805,43.07605866086563,26.535339829344377,101,1386,1285
4.067072318580104,39.10262395022082,29.63001205863793,202,1919,1717
4.113240552556471,2.4611318547436785,34.566727786364176,1384,1931,547
3.711342398860938,24.285093889262534,43.5159315775861,593,1389,796
3.7015162946872,5.6940438316996556,33.01953199645068,616,1587,971
3.9982951789667753,12.48122828519511,37.307817485296795,1462,1628,166
3.8499639307777653,49.33979836672375,30.187981784856085,671,1483,812
3.9019668772577036,7.5535293736249045,34.02312094128994,1250,1436,186
3.995792669436101,25.194963595842125,17.127966484013204,1435,1393,0
4.090005341817567,31.098708848746895,22.63174742525541,363,1486,1123
3.5379951568515358,35.27201604193314,25.855592796154163,856,1970,1114
3.575582952639944,28.20260983260225,29.174800650195408,897,1957,1060
3.293981939840869,0.9836569472495911,16.369462365071513,146,1335,1189
3.7782801409961744,16.659834758077597,19.200722926599532,930,1991,1061
3.2359422737967423,26.126726347543215,23.30442923373917,1286,1982,696
3.66559801813246,4.849391707669251,44.14598072703152,878,1370,492
3.7426446347075766,17.856033094854446,24.940410213091525,186,1358,1172
3.4865412521282844,2.1435538851726452,29.461231743362475,1079,1400,321
3.790833260569011,4.389635609173527,20.88293138215179,1060,1686,626
3.2305002499390496,20.147702171979006,33.323402132273046,158,1756,1598
3.2373481887492144,7.069429825131487,23.42049646547923,596,1975,1379
4.022600560659658,28.59327198894713,21.209777353152802,1112,1782,670
3.560190641411263,34.62851597229466,30.497178853379374,711,1703,992
3.327060512651885,40.1290416058996,15.165173974812625,474,1570,1096
3.7222432600548045,10.4074370901181,15.22992097947676,679,1302,623
3.969993553098611,8.790387821823954,21.572064273055734,310,1324,1014
3.4158210274968432,5.676108096552812,16.101640875024636,1499,1512,13
3.8228904758190003,32.003297352410016,18.24077262392074,136,1997,1861
3.285347464993768,35.47054846110161,25.165819480162547,514,1657,1143
3.251681721168608,2.063514168869281,39.07757038739439,125,1429,1304
3.731354631568148,46.84250618906265,32.16145930107902,520,1857,1337
3.7406351216101066,3.0725785407478843,30.38003177869249,463,1396,933
3.837429901498207,27.294168597402987,23.80466469624365,874,1932,1058
3.9260913337226615,35.598495712820366,42.95261158298449,944,1622,678
4.175852079462535,43.612971625431236,26.91045123711575,775,1771,996
3.7163003483011954,35.84730314055518,17.612783003873144,506,1809,1303
3.522956472941246,40.185540111954694,33.51199548353404,1358,1370,12
3.9951861947687037,17.3027845308689,18.41515180429804,1312,1581,269
3.4708322512620744,40.83384313045236,25.35669428405076,702,1372,670
3.6389714207056363,4.46568489604142,30.222358161534267,721,1862,1141
3.278456381342266,44.793424474996115,41.22667574055527,1445,1652,207
3.225350743415458,27.605822619609945,29.80639741020356,544,1549,1005
4.162648414677925,40.95623961314344,36.06776298094993,1118,1833,715
4.035980120512206,22.889755083655857,44.78450516997211,1474,1693,219
3.8959742060936984,32.35709591222799,18.94467359693945,1320,1819,499
3.60895294441427,26.556931716337605,23.241945765585584,646,1203,557
3.373294320070846,36.71368132688893,26.837282267929393,499,1292,793
3.3564370426710863,4.540684110514184,27.65484535616494,534,1205,671
3.4502428981645954,3.487428157532908,27.33063225796637,695,1487,792
3.7492266647061205,12.731610083502249,42.22833007669665,669,1817,1148
3.9145959227000624,8.397461665602822,36.42097933400569,1091,1345,254
3.8601973767177316,43.653286546313986,33.237156422721114,711,1982,1271
3.4799338969459432,11.351092374223194,24.281181535883462,807,1623,816
4.154865280663194,48.805330163047,39.71371152663884,338,1807,1469
3.9378969166957685,17.176341692669787,43.65181534454967,1487,1656,169
3.7543540525114008,9.514836826590615,39.6359484765068,770,1940,1170
3.8117207462343523,39.59007610355272,15.046953155744188,687,1401,714
3.61960006242779,33.10603488729337,34.09204110550221,284,1411,1127
3.4477309895011574,25.16068796443038,16.53406144326302,465,1205,740
3.555972678651262,27.990495771412746,22.728216610011657,987,1823,836
3.957846110464369,36.10048802447706,16.78574101043315,548,1575,1027
3.214393488629756,11.808509695899287,33.113863588481635,1023,1646,623
3.3160726405069165,49.818528844808725,35.5976974047782,683,1305,622
3.246002642021753,48.75226152626576,18.434629141977155,1069,1850,781
3.24072880231897,32.69112147417338,26.515166491349383,164,1600,1436
4.055460584011008,10.377351320992684,28.687095268666262,981,1295,314
3.903657859380024,34.17129800034892,26.071590652827496,723,1587,864
3.6741738290873256,4.073821244469205,18.63075001455579,1307,1651,344
3.2978341606510018,2.0172988591874,27.568433705624262,1084,1615,531
3.6916158751168324,13.255302981305077,37.535341434252544,255,1925,1670
3.6734717707805657,23.399836358596158,17.130229935997665,296,1703,1407
3.3732018699100155,43.47948901771483,17.405400422457102,807,1653,846
3.633851649237973,36.494868953432245,25.643138755079526,1200,1490,290
3.5985047343973737,37.26397279939906,43.25177134856775,196,1733,1537
3.8158500980522168,21.56192005517973,35.05717940168742,167,1392,1225
3.835093650867644,17.623782131074666,35.36009870017695,1455,1349,0
3.2453040097720445,18.866418767737834,25.857599725135948,461,1958,1497
3.5746126146264716,49.388653404934864,32.80982373625615,412,1978,1566
3.8258599157142363,2.485404974917883,15.303935520832301,186,1962,1776
3.7031362585800878,43.4180590580612,34.08288139228627,1248,1714,466
4.056489841188323,29.144432724333473,42.3986084272871,1362,1592,230
3.8586936316189453,22.211463249884726,33.377204050344574,1007,1515,508
3.36293442708143,36.400254190549255,41.210957803990354,68,1275,1207
3.27056874740043,24.59011260052279,36.71919166398281,244,1798,1554
3.842419278206316,43.7344502850422,18.616752492110706,379,1469,1090
3.226511310541622,45.0847422685573,42.073599218575254,224,1424,1200
3.7857755812734633,21.375185880236042,16.993315330673248,1051,1729,678
4.140230241424958,14.202975963135053,31.019024176432914,498,1312,814
3.7754741778758794,29.82134126537143,19.26411371380373,995,1450,455
3.588169926206522,45.6619856080262,15.351198321927122,1427,1432,5
3.8432882184423534,10.927778355780495,27.66102780382917,190,1990,1800
3.658252890491517,31.336845886392396,23.851221229624688,807,1913,1106
3.7456167893159353,31.762230894579766,29.58001481392809,979,1282,303
4.141464808776526,36.78909460955641,32.31599660203652,142,1324,1182
3.5861026378007743,7.01260041379936,16.312172169268422,288,1374,1086
4.161190563823914,35.93333575176339,18.69009885371237,254,1268,1014
4.105350641956064,45.49710977294923,31.75927189351276,609,1246,637
3.3957911347892966,9.394313889076978,25.295020595179746,294,1455,1161
3.2693613008751656,12.258394583731944,36.87520462648344,881,1926,1045
3.300778001377427,48.58405715506116,34.56874945775819,1390,1229,0
3.21822182565155,9.458359159119743,40.368130889697206,974,1480,506
3.2944429607559287,42.79206212179417,35.77478480007676,344,1436,1092
3.883006773416357,24.86775389417772,27.897932321704445,689,1447,758
3.271188648460229,12.737938182957263,35.18899867183298,905,1567,662
3.5189756302937614,43.60212011298931,23.261435227662556,1355,1694,339
4.044875310969455,22.54261012263194,24.18940496334638,66,1224,1158
3.223271935735826,25.983459019519664,38.6695547976238,120,1785,1665
4.014468482588936,18.282051785288402,28.392585492047466,1342,1917,575
3.4818547747734003,29.851067146028907,38.951410215550574,1398,1689,291
3.3181648276216564,8.594431692958628,39.67267121004835,354,1693,1339
3.8967371653641507,19.858536064262154,40.72687012983852,1080,1513,433
3.828942846779884,48.48590995559673,42.49905707523622,1387,1805,418
4.0774720135270535,13.277604918705814,27.929556615398887,866,1574,708
3.935071043803886,33.00846489479397,24.566004549634165,1176,1838,662
4.003480930384849,16.596908179122398,32.46596239782342,870,1224,354
3.4820345725713064,38.78691972148673,26.135172703128827,242,1533,1291
3.377439543779723,6.9782462055583165,33.03222500400699,578,1554,976
3.9506147516408587,48.50614173138796,36.16757587931474,220,1315,1095
4.006834739267264,22.962582298490144,35.652150554764106,300,1247,947
4.190505142000673,12.184497935649965,26.23658661060364,1460,1937,477
3.6126176769114267,4.138088992835627,20.005806050962583,1280,1977,697
3.5720180857927835,8.903016301833267,27.915880153866226,590,1298,708
3.976412960741997,26.228810453522875,19.277824322457263,465,1658,1193
3.540803540253018,17.181657233348673,41.70291105551425,843,1722,879
4.130757325603565,41.52972661118917,25.376323822135724,1453,1796,343
4.0584127518430115,21.828932421259395,19.633792416699713,1217,1604,387
3.6289940273750183,12.81135649308768,15.763432797172527,74,1413,1339
3.9508710677914975,31.04867683689949,34.37467158859452,717,1884,1167
3.9545428740846824,35.48547223582957,34.107069523642295,1146,1702,556
3.303123868835933,8.768574441097018,25.21812499743875,681,1920,1239
4.102552906679567,8.797151206271725,17.15135666542953,1166,1647,481
3.705252372447857,2.315235633210377,27.288866846856962,554,1775,1221
4.0264574661077415,36.9518997457492,24.336524851901807,385,1457,1072
3.520049601030612,33.35832411727935,35.31361919205028,474,1320,846
4.095523228496201,23.99422834961579,33.17337748358071,548,1253,705
3.589201678734163,42.286437223975256,25.9378118459262,1437,1530,93
3.2108376514802988,40.38067257102763,21.5367766276497,996,1983,987
4.105381976419264,29.47504103763923,44.64107898466776,679,1440,761
3.2912866767861337,43.4794283854063,28.620048635883446,1272,1954,682
3.519313637590415,10.689139896820029,35.648227073407114,767,1729,962
4.150061967050805,6.04002116018753,19.21658902735082,1486,1682,196
4.150607146937556,13.852605770090985,29.567690989781934,388,1386,998
3.7734378881232864,3.3257993764210854,15.826101596083964,708,1855,1147
3.8318372121697992,26.792891636051085,30.1636535373135,1011,1461,450
3.64844552197832,46.86198176860059,43.92052221353107,478,1563,1085
3.493210771698065,2.4475052630912275,26.526201389574005,948,1690,742
3.5286645453699164,6.5444407434963265,16.16988037724735,188,1630,1442
3.8725184560770387,22.883851900030045,15.928673727580305,991,1438,447
3.95237452943768,46.726813367631294,26.639602798406084,591,1503,912
3.9915790437258485,16.14972719634915,19.80074809389582,106,1497,1391
3.989618142794554,25.608123030075426,15.700562889845578,1305,1275,0
3.2912061030486903,2.557856522994409,37.68640841850531,707,1899,1192
3.6944203047025814,7.842988447623399,28.75569026645672,484,1532,1048
3.2575587600166447,49.33819108646292,23.677343159179635,433,1957,1524
3.7495288823237356,48.27337547358425,42.002495490494425,609,1841,1232
3.641530501373377,0.744529056253276,18.484168806015767,243,1673,1430
4.0877041827583,47.61468337845033,43.67756486865957,583,1482,899
3.5509150125520788,32.13643692186727,24.419001521320585,567,1790,1223
3.317067016427606,43.4619555787411,41.65211016926044,765,1271,506
3.342991682052836,23.009622853876024,33.08828629438385,800,1462,662
3.9615106317174726,26.022003414672888,39.80122079224462,234,1902,1668
3.8182180633162615,24.69790572271755,44.52039489631393,341,1774,1433
3.3011226761227905,33.509780748532165,23.65216313456237,1408,1211,0
3.2841068061149974,7.412737110437488,43.83406456222779,781,1340,559
3.90096913145912,1.9836926986975587,26.68445684707261,165,1965,1800
3.272763006364194,15.74253210876395,26.565357142107672,874,1754,880
4.021860059290356,35.38169775546401,25.21161312763517,1122,1216,94
3.9062422271564965,10.491745880085944,31.242228220427556,734,1262,528
3.2813487806419,33.83490544958341,19.624351295354614,131,1452,1321
3.2848377140851923,48.510646282309885,31.611344560740335,883,1664,781
4.186639578501175,5.14808543157621,31.25114437230012,382,1575,1193
3.5742707957561204,33.79380485214375,37.8570543781461,606,1719,1113
3.570642147066891,22.46563585557627,40.00949885812757,384,1289,905
4.0127995672575025,43.47304159168652,28.21324050937272,581,1919,1338
4.147248577383859,9.268914577645603,24.069997480544814,270,1995,1725
4.1860010638228715,34.784984635195144,22.780046919512834,684,1829,1145
3.953378185258942,41.98670683758146,20.838715101146157,372,1374,1002
3.576259585530916,47.25840386396415,16.729427465970748,52,1275,1223
3.283500716698669,34.32077740033747,25.273439365041398,255,1812,1557
3.977146915927437,25.11015081841715,23.107430763923496,89,1862,1773
3.758404249735805,31.083438389960087,43.99252157599222,108,1599,1491
3.6242220092469766,43.51079673169655,31.731264787501317,1000,1981,981
4.106354385094736,28.745182458622068,25.418311170915224,623,1270,647
3.3111974823061514,2.0041594549934247,32.41402802981088,693,1379,686
3.692625104290859,46.5819604275954,19.175901040370867,892,1323,431
3.2113536447674194,34.63157417606227,28.321312476066087,1195,1580,385
3.6686606419941263,33.9874125959737,33.787029642631914,668,1492,824
3.2563032756818373,11.175920043687,29.66693495377354,145,1996,1851
3.318817916268072,33.114830776516534,27.053364019629726,1487,1394,0
3.317526246777105,19.996288079880845,44.815451666990946,1308,1427,119
3.849210302116064,32.73603236355386,41.409442864467806,947,1630,683
3.9460448792654237,5.776355000245541,33.702178744783204,1135,1635,500
3.7833687650971597,33.063342577850285,32.08132083546848,1329,1986,657
4.162172548474542,49.970979425648,33.61981439473752,610,1660,1050
3.5748705795237044,2.8864959235975234,21.039363234672997,954,1817,863
3.485712086281861,48.87012211895521,26.85413229792956,397,1220,823
4.068599128189461,20.641944055782094,16.18378598672698,720,1263,543
3.4235958385194527,43.60229579169433,29.2663811246048,1197,1364,167
4.1632225394406115,39.22808146088454,31.290737518729895,366,1226,860
3.2121544746898163,28.567304918840055,21.832492083096287,768,1510,742
4.169878826707639,37.05323585794066,43.92086541496541,1121,1484,363
3.2431599119505763,43.98652028441672,42.28363832811726,1482,1859,377
4.091143113698071,20.504945921726133,36.664297063677175,1209,1480,271
3.7277011090863,16.688141497380315,31.001598862960876,1274,1363,89
4.1929647961193,33.54587258539745,41.099074789430546,299,1423,1124
3.273796564735399,40.4883741260923,18.919570314703886,363,1983,1620
3.7538542844013207,38.23311417144248,38.71529382824655,1441,1345,0
4.169302535619099,39.99177561850241,18.744624419005447,856,1229,373
3.723097844170149,22.06137408324018,38.82631987648216,1387,1244,0
3.8293986381352627,40.98279370066357,23.273027047540708,1428,1986,558
3.895748688984617,6.450348240845118,41.31271743054567,534,1670,1136
3.6545410647677734,27.452210349062053,43.32126281476194,1284,1233,0
3.8275580800840636,0.7850536946570177,19.46387908215347,93,1852,1759
3.7843143119231004,16.56699858006338,28.880268151961808,620,1626,1006
4.101158010490989,18.639845976134193,44.42962134488055,632,1420,788
3.245446380341458,20.110548234658143,29.502223079194398,1165,1733,568
3.4809631895922304,34.92562673114818,40.90642567543635,1338,1891,553
4.1504114840765585,19.733626012882112,32.66194566393959,944,1566,622
4.090263783890917,22.710334319815267,26.259897237588056,269,1942,1673
3.6556567527857133,12.25843447827921,23.573506665776108,974,1749,775
3.820132597801537,18.975963685652335,21.096692732582618,450,1781,1331
3.4773811829811327,11.749846549525998,37.85394574133092,1473,1315,0
3.3881211597237613,4.12319822653796,26.596215204690836,776,1438,662
3.663698404939982,30.370705372378207,30.338263866022537,1040,1534,494
3.553352228026053,33.576533528473306,29.769764400035456,948,1640,692
3.7836561118508723,31.164772127475917,32.31837087699394,907,1347,440
3.277734636964985,23.442955168128332,40.96731436873657,853,1208,355
4.174394807666166,19.299396118871876,44.422180307502884,539,1487,948
4.186210744479603,43.23501565380535,27.227526257214507,987,1587,600
3.8981617140197455,26.194548364242795,39.82556766318909,893,1249,356
3.7360963663441207,24.21950294267168,37.93583383964153,1342,1716,374
3.509527616286328,1.7692822574185665,32.205868543667194,316,1837,1521
4.013795019706949,17.391767467494738,43.68141430835799,103,1786,1683
3.8847311725538796,19.319683129899925,21.01423546585208,577,1876,1299
3.3626169393448917,20.241727654396573,18.27792630928864,665,1477,812
4.110927184493843,29.21853227675295,40.61885900866267,1132,1499,367
4.022537242923169,26.913326062980484,28.174494499012447,1113,1788,675
4.1497999132919245,30.59130209327551,40.40906562621181,1310,1848,538
3.9257195083883603,38.36172144633535,41.79270615586245,1004,1817,813
3.8134151959357903,40.74279406644663,16.87372780857214,435,1806,1371
3.618243036290619,36.047092273211476,41.50394288958182,783,1334,551
4.132728483354013,47.79842294976927,28.449571661082665,765,1779,1014
4.066063889500408,1.4025128424799007,30.312974670126966,699,1346,647
3.2452186701061896,10.191010291335532,33.797775332796306,349,1689,1340
3.2263669744972523,0.874362311418035,42.791478201902606,444,1677,1233
3.5764633668780497,32.54999835065285,15.573482832892921,1280,1358,78
4.010553330781833,44.95251217302435,29.305304049534513,1409,1583,174
4.187276129314944,12.552373680526815,35.631661272916816,642,1362,720
3.3504168911035284,46.38820996741718,36.68120873094685,563,1640,1077
3.7941307153521353,3.483235819333262,35.77597294611324,1251,1388,137
3.580890856631022,46.75458332687296,19.033053882243657,445,1614,1169
4.169914397814603,17.905323018361905,23.981867651150438,420,1538,1118
4.042118923135709,5.520331008236218,25.761465762510404,907,1806,899
4.038328704711138,24.55065207972312,39.13311623038515,840,1380,540
3.6686931597949703,13.210440102165142,23.36279617243659,707,1487,780
3.6148195023376655,14.60120864711518,21.321148916016096,1391,1386,0
3.4734070719307066,15.710853263851185,43.72344057114289,785,1337,552
3.2563754966509273,40.24978194271684,15.265898553404067,1442,1329,0
4.0647223762550535,27.188483195425096,44.93462567045935,433,1393,960
4.012901009130077,15.90973110822218,35.304638965721864,111,1515,1404
4.1997176732861305,30.71152227389046,39.854078983473514,554,1984,1430
4.196636837073905,35.94945837404808,23.838581890385797,288,1343,1055
3.7554317056026276,13.994888036309922,15.4294583300118,244,1215,971
3.9689874151805107,20.9706805255049,37.1360855568459,727,1501,774
4.144765729882428,6.533361620178904,40.02433791002027,1295,1622,327
4.0496473906774115,9.466892801966676,37.21428395860558,110,1444,1334
3.4473481017431977,34.21533377126665,19.28550861902516,1202,1306,104
3.650544135310094,9.481198210933535,37.60283766770907,1039,1287,248
3.329159415151495,26.49558749151948,38.06768346322923,734,1328,594
4.154051027258722,35.59778995526042,34.75621547010165,205,1540,1335
3.8061746344508802,5.79040769318982,37.98347798386759,1451,1203,0
3.428642805503463,28.581954871630725,40.377643190331966,972,1526,554
3.871700684405857,13.199857793217506,33.408123427123755,917,1609,692
3.818128240457896,48.1648803242602,17.65814141909037,952,1505,553
3.5581627180328406,24.435509512636273,29.628834290016325,1048,1806,758
3.313557592199629,40.39663121387033,17.32948004014815,1024,1920,896
3.8715731955928,27.736213836734958,27.226290930972926,1280,1424,144
3.7203077009037937,2.6489203763135487,27.21319467376883,437,1547,1110
3.9723183917356395,31.840993091904107,16.980295324207248,936,1520,584
3.7201635011119936,47.59446543922952,25.46461601908438,887,1758,871
4.05218150031854,30.279785097243394,18.329942963739445,1413,1380,0
3.751906838774486,41.04984854162611,39.24705630027667,389,1817,1428
3.7609379715353866,44.26821993574619,43.43064077893412,253,1910,1657
4.076653602658345,11.789948711472157,17.169494257738158,210,1585,1375
3.6034828662123974,10.99621957545722,43.653456218751046,441,1817,1376
3.334015228450641,30.74355894812409,30.677297980102352,818,1991,1173
3.2287826763133394,20.845909255431884,23.986970338616217,624,1971,1347
3.9551372556736193,42.07313449190266,17.305862258284904,583,1307,724
3.820309551353465,45.051144608201554,30.018728042112535,1143,1730,587
3.9040797680992236,17.994358275484547,38.83546633472246,942,1609,667
3.412964161508911,12.225092669236862,36.212594318000946,454,1495,1041
3.3363714755867697,39.13601300457116,16.506780343919214,657,1370,713
3.214544665667882,14.102898759632737,17.187055061037107,877,1530,653
3.550587558806597,41.21940876642708,27.086198478979114,1193,1692,499
3.789917686854633,21.47504355561376,23.858714821438298,739,1394,655
3.5922440450997324,33.543720014927786,21.971529691681436,951,1211,260
3.6374749220237295,5.228998034816075,23.43013496726141,1290,1394,104
4.104158694493749,31.381036571490363,39.10448229890654,105,1689,1584
3.5482554670233006,22.86250009749284,42.876841608955615,415,1994,1579
3.713989489159811,29.53711892718597,27.15308083582699,504,1381,877
3.983653012741143,8.816703283370739,42.18333006397491,153,1855,1702
3.5965427823212703,36.975250374737016,24.64487103743646,126,1515,1389
3.8220867002278736,43.20845533838981,29.293109590313748,279,1893,1614
4.062363708746745,11.228620104493395,21.78086993447999,1331,1229,0
4.149520623657642,5.2378704982480055,34.21428126527532,1337,1795,458
3.347073480929038,1.6701100092936516,44.36943345524426,380,1877,1497
4.126587625161495,32.277589271941665,33.104792881301364,1255,1995,740
3.6921162930795384,30.551154786394648,25.734422523406465,942,1992,1050
3.4582443882989584,27.561521929346465,34.434523379715856,737,1295,558
3.6591357562382614,11.981381257740782,18.687620353961627,76,1580,1504
4.180032575285477,19.849846797322975,41.65977240796196,1349,1977,628
3.69261809399287,29.926578591715565,30.092518523395093,348,1643,1295
3.5287516102875083,25.089959513528886,28.480492261189262,1006,1497,491
3.833400854316726,49.39538325063692,32.57594365360558,848,1936,1088
3.4401456187781934,7.25376775155829,33.74351588368207,1164,1560,396
3.275863328108664,34.90965542535589,17.15327418679539,529,1573,1044
3.328879721910649,20.51377902116246,35.47851663670207,622,1753,1131
3.3280458389577725,21.69588093881793,22.257950409465888,507,1502,995
3.3519026935122946,36.021089400079724,36.41857897519769,414,1620,1206
3.3388271726494105,34.7755894905563,39.6760438315259,908,1445,537
3.840874744803215,49.56717168825832,39.11875522657561,400,1919,1519
3.3818800843991452,6.855517327979199,31.575029022236674,1473,1436,0
3.5456672833238634,5.653427644516234,30.605096769322536,302,1733,1431
4.096788409906012,36.354771447872686,19.28627884018235,830,1384,554
3.6739616402628723,29.13015239181725,38.26038451209406,852,1667,815
3.867557738521027,14.07095299471039,23.14228141340143,1061,1953,892
3.37231987120163,4.431258764954837,29.900862684538396,508,1562,1054
3.392289018808671,4.7400833550233115,23.528222787825502,966,1482,516
3.240868616266479,44.76244829587385,19.014850889990793,548,1752,1204
3.368935063072165,9.997432573577774,33.88673090675209,999,1535,536
3.4785903390319586,16.506892324718276,16.629961044687114,557,1361,804
3.377010484276747,11.719491910235908,37.459357023786,1377,1359,0
3.2887025337570557,18.072317138680898,24.527603857833498,550,1673,1123
3.3206358711006008,3.9364802159316215,15.00404079013456,852,1800,948
3.660778768032726,26.193459649959383,30.333874177116893,647,1521,874
3.4063337184057927,3.8468218978146376,16.405557255828093,215,1211,996
3.564269861048076,40.117647137206895,23.285086734626987,1488,1623,135
3.703417270854857,12.068748054566434,36.20929462367148,511,1272,761
3.8903948286293657,27.230589772923274,16.880688648655976,969,1787,818
3.239312139841099,44.063914834292184,40.18015477068007,163,1400,1237
3.999410398909043,32.71842976783611,15.114597679757493,1041,1721,680
3.827900389490908,26.881410434291098,22.404716076057067,1429,1704,275
3.281759031948872,16.554520779211092,37.22712168456214,256,1937,1681
4.073578624106777,16.9835946963808,24.488104491879206,1308,1887,579
4.120872400531813,33.63960428231041,18.056771641980404,1428,1987,559
3.261077959854864,49.70989838044779,25.80701756401284,564,1238,674
3.476877648147204,33.261039897544244,23.111798591535766,1281,1259,0
4.0062012797930615,28.110279159816233,40.281357064816646,758,1777,1019
3.9482596903836584,36.66720025684268,24.400437527554296,1198,1520,322
3.3845210193563773,23.52767780804405,38.66797415328021,187,1634,1447
3.4093493233367105,3.4770459587388682,41.756164344322045,388,1835,1447
3.570472102791382,28.333692385956535,28.014522587295886,586,1875,1289
3.6845229851910215,47.90245158301632,42.298294315631765,117,1607,1490
3.818254771530296,9.177495646704152,26.319541618895784,432,1585,1153
3.5689136395697725,34.65524209562295,43.92235249470325,68,1870,1802
3.6625347161331483,10.446217588623295,17.67868573576719,732,1768,1036
3.9474709381337565,27.02347038141752,35.61057799509729,123,1277,1154
3.236683202890598,5.285484257512621,29.81442121370786,622,1393,771
3.452436944344021,22.793361344780166,26.62946416366941,988,1484,496
3.9133495858845526,37.93008478031468,33.98135636245803,1349,1726,377
4.0952068376872,17.704790449829613,36.11571274902994,1121,1723,602
3.711677442115666,33.41313036211729,15.130898089509273,260,1812,1552
3.732113485265316,39.874773059091595,20.00859266241596,904,1355,451
3.3071720113397762,46.39530206423291,36.391381519029565,700,1539,839
3.647412366823455,12.11478305184495,34.991562407346194,1043,1324,281
3.7326172664550232,20.26613783256075,43.981425153860314,744,1479,735
3.4424705036347296,8.044592659855663,37.83113370752349,589,1821,1232
3.469243230949381,49.62793335683957,43.52318123194014,1264,1857,593
3.577284163104623,46.38654791225262,36.07621504604421,1388,1927,539
3.2200711977777265,27.2278779488877,23.941566259183297,950,1873,923
3.5220791655831785,42.18064807163285,18.160947667525694,829,1327,498
3.4114480069965447,26.287419874966087,38.45471590034806,1186,1513,327
3.5274973521779147,31.367491556136606,34.32447664427748,219,1531,1312
3.3197621318192514,4.911659389742822,16.445580371798886,1087,1349,262
4.090527280739895,37.885885814591994,25.80151397702935,337,1653,1316
3.793592453554049,6.821817439944124,43.703994464528584,238,1235,997
3.87910231914449,41.390347697500154,30.012034371306036,963,1884,921
3.9891712386073386,39.2103903396841,27.98187408059114,1228,1619,391
3.6984421989290572,35.58286253827733,28.73098815477882,743,1221,478
3.286920288087424,2.2899388359757245,21.26648172015491,937,1405,468
3.737106541818548,15.504853619293765,26.061215125943857,520,1838,1318
3.786841118020879,13.524072210586722,26.094397679615298,1148,1555,407
3.9454394741843304,18.326752169840194,16.570650605624174,326,1639,1313
3.6316595462296797,4.838315964810008,38.02702885553755,989,1928,939
3.327580302795564,46.87941224003761,27.49513295711637,1416,1295,0
3.4837759057987245,27.913210915262624,39.6653966044927,1498,1363,0
3.563082296398635,15.623453377572165,40.510440033596865,620,1347,727
3.8459172413316014,20.15058509517703,21.359821640959744,906,1729,823
3.7707783046689123,22.636525754989364,34.72060446510386,1050,1493,443
3.5560967258978464,30.229419501350556,29.16845412488945,1255,1394,139
4.18651524879298,26.02613167097664,41.40470213764455,507,1862,1355
3.805774819356887,46.00990267411366,21.472220375293624,967,1679,712
3.437226791735995,25.0996924038386,35.33439600930133,882,1322,440
3.301782472620404,49.61182173375398,33.23256366758167,1137,1599,462
3.352859139184332,42.64553540838224,23.859044327154983,888,1898,1010
3.445957728384508,10.821270460688122,19.098027109535177,1333,1651,318
3.3606813732595557,46.56446312487385,34.549192814318296,242,1860,1618
3.386567024051306,6.260136695331067,37.15792374396992,665,1303,638
3.485095168693847,40.96376057031399,24.468820312900498,455,1954,1499
3.373373595294755,19.340853027090713,34.34497812066941,992,1661,669
4.096765424626425,43.95972886203094,26.8539272283451,770,1942,1172
3.2802337456616426,43.46880616031879,36.396206498478534,142,1917,1775
3.724511389570255,40.39330730582225,20.976458246821593,479,1909,1430
3.610396826989662,39.60650659719954,41.70645007908523,703,1595,892
4.182378616908607,15.581617385353018,23.622287893967393,1477,1536,59
3.3120389021680525,4.505504511036983,26.033579632684585,483,1798,1315
3.597855599045742,20.447518848875493,16.742758562410494,1185,1341,156
4.169470433275369,9.089463491832179,18.345366369638292,424,1516,1092
4.065507125893981,34.90007890067186,30.475857081369846,1132,1910,778
4.01707207094928,17.631936463620384,23.027780301839144,1116,1757,641
3.45790282704494,48.792704942565784,40.064406772265826,256,1999,1743
3.370887587390066,32.22811782859394,15.440801659648615,829,1726,897
3.868643219924431,41.21278789990087,26.372821460158086,1369,1755,386
4.129375989127586,7.0599713007214975,25.12036640307278,1191,1600,409
3.75676289301393,43.16971687249482,15.57982892752803,581,1880,1299
3.7716126894699,46.17648093041302,18.731051970015308,1295,1509,214
3.479979093660284,24.60956498153733,27.40928024755906,215,1694,1479
3.969492933191937,30.509520418673382,29.7859375334234,692,1755,1063
3.3870437485575238,38.35808514469827,27.12869241764607,1229,1809,580
3.5236792364042437,9.154512049390421,30.928130352362814,1257,1972,715
3.625436438616417,25.3770207849404,32.853950247170445,139,1308,1169
3.707610378684455,20.233819874729498,15.297714633835069,1167,1994,827
3.44240973241508,7.745512612031331,28.922854783605118,62,1571,1509
3.3148368247392037,18.692953903430805,43.90497722662765,1022,1815,793
3.8106200424416325,3.8745293145819315,30.57096840388646,854,1967,1113
3.488630553240256,1.7776893939996057,35.32626802376859,994,1405,411
3.7812382214226123,7.1907313131637265,24.355915737506496,791,1242,451
3.3543627152742026,48.174198023664104,38.21974134458287,925,1444,519
3.6811401018548175,27.70171202680334,38.18764445628345,1223,1486,263
3.732589432551586,48.308196977084386,30.63888142962417,709,1554,845
3.2518235368224273,21.908644977341535,44.280414698376404,1081,1984,903
3.536604278193921,15.93489858772035,18.766506442879603,1102,1675,573
3.3344146769389744,25.554022210592084,15.50842994668743,345,1282,937
3.2633749704727677,22.255828587329052,38.10474635271288,1035,1309,274
4.189960232389946,5.730401870956324,39.214666120946475,975,1389,414
3.522353844974723,32.220902577165205,18.60621687361729,689,1999,1310
4.009874445854635,11.19389003422518,22.96748498875818,389,1450,1061
3.454640654763764,31.169603767442563,15.526570900998868,677,1923,1246
3.8815027222239293,32.68495407370859,23.799258323416943,488,1490,1002
3.9602278598896867,8.025230229868082,38.194256217560145,1217,1844,627
3.7956387406078447,3.536806541978074,30.53881583137737,991,1400,409
3.6715761885501585,39.14769851038777,25.44286779504864,879,1996,1117
3.611840914147269,23.260120976581348,26.15217884718991,568,1525,957
3.5488682665429954,3.3791078775210517,15.040608771464045,1025,1710,685
4.129529144247826,49.745882699903476,23.994015826957074,1118,1608,490
4.0306194077877295,3.3601377693201484,34.393762249137914,1004,1806,802
4.165026910666513,34.90424382849838,44.225833314490714,1312,1989,677
3.324297223485545,49.19210680053897,40.411824809516986,1001,1707,706
3.9308674752036445,12.339415158688318,15.707848939365874,993,1930,937
4.138340456821038,7.54134375001621,41.956818140245176,204,1800,1596
3.3812330661656604,6.50855450141023,38.49595239895878,1254,1271,17
3.2664962673667777,15.51211980459598,38.411283707129414,1288,1446,158
3.9411206492900592,5.501767645027011,28.739872770107144,137,1840,1703
3.774473113179912,34.76198641385953,26.940158788635085,1329,1923,594
4.041828776758273,3.583444007438103,24.087471864995777,1146,1807,661
3.3397723766262897,25.71639534341459,16.970845768630973,980,1786,806
3.9952673118598905,49.83649426572235,21.847060904810974,228,1765,1537
3.4016273200477447,40.791528340547934,22.39810904934074,261,1543,1282
3.3636559428657047,30.953362192435037,29.52231209130605,1307,1253,0
3.364265797930993,15.659554228937278,37.42333219790082,514,1929,1415
4.014574720231383,31.382843896436103,29.214294851938398,1296,1727,431
3.8651972206962,26.588552463626755,16.73533348341482,680,1810,1130
3.7230654247691195,21.59112750257339,43.73369402964612,874,1731,857
3.5588304841235026,6.970163648639874,43.281729572823366,1337,1757,420
4.0772005408131085,44.3869086544031,38.55568629445225,1280,1392,112
3.592445107422636,22.764340116655465,44.73983704692662,656,1257,601
4.016599439471578,10.133814335127871,31.33446998400789,934,1636,702
3.6391349085702185,18.704087868425837,43.88305050759618,415,1310,895
3.5769444294249078,20.99942275018189,17.268151218502524,325,1328,1003
3.6626797856696065,41.46312583056028,25.970422447841138,429,1905,1476
3.501377874164142,36.8139118377894,21.761438040202975,1382,1525,143
3.9476093801762513,38.58059223524632,20.8749925240281,1341,1207,0
3.7027203900924794,1.0460475892180372,19.22408846678028,994,1228,234
3.4322126951468173,21.099622909898194,33.672409246979896,1137,1311,174
4.099574573274569,24.32653550594852,38.43965567241915,859,1872,1013
3.5838912213732117,1.450017702741306,32.34895198261082,1423,1330,0
3.7435528611139888,13.360753832879194,19.408881287646288,974,1387,413
4.106472110964547,38.13434624454568,39.333713098004125,543,1874,1331
3.8242379959139923,7.286930433585453,34.078641214911855,1171,1908,737
3.3168980407083644,26.997851506903288,26.644971183809865,1144,1674,530
4.139832123613475,11.152492664853256,35.223908866081885,413,1563,1150
3.827708053071418,1.099978344872717,22.797149377284985,619,1403,784
3.5349056146570863,12.439472151177304,25.355766254826314,812,1411,599
3.3392720726633875,48.80575086804766,42.52457529395971,325,1820,1495
3.994025189270296,40.17608703820798,23.71513517014261,99,1475,1376
3.8200727559285137,47.999043893891155,29.099648044738096,1431,1272,0
3.733461091976322,24.64877517435494,41.70423412188044,777,1878,1101
4.093892583050958,5.931941834536423,36.23164050802582,955,1971,1016
3.9885972112245307,27.623994704197802,16.86609678494108,977,1442,465
3.3516748797327516,22.991678060718062,19.41909132836911,613,1986,1373
3.5117220677955485,42.29567559561099,15.235247723157505,832,1301,469
3.448489139814466,5.355087748820107,33.92765370687491,534,1884,1350
3.943946292572677,24.66793628257802,28.43020276231255,1157,1370,213
3.2335324347357797,7.927408902352221,19.028245527068265,633,1852,1219
3.7698896848713166,16.57145838105797,43.738023631703115,1369,1387,18
3.9624586857406907,36.99917533069608,30.8897917183686,285,1640,1355
4.07676563676175,24.062897403753944,22.256798823386674,105,1285,1180
3.5420817487159075,19.10647011471558,30.018107134641227,409,1675,1266
4.021257304672013,20.026575789216746,35.38860998205323,159,1251,1092
3.3106317369552074,23.24261503609634,17.287176539206936,241,1310,1069
4.046452291734519,39.35831891993431,23.241114451436758,953,1242,289
3.327488662331983,44.658192102541605,39.20896472651981,1166,1410,244
3.5972872905603674,47.78906698194445,28.78994611207984,911,1399,488
3.9972953657795536,39.45171761963711,31.397314260968848,617,1951,1334
3.3499174273487737,16.112641339526633,27.98448006628408,1133,1826,693
3.4292513952326416,34.562667951283835,16.316998279290154,699,1225,526
3.9222525683930662,22.1613546407419,19.972493394604676,88,1498,1410
3.9200365365460748,13.106195791279534,28.36624916225673,1122,1276,154
3.8411476328852974,42.12314318158317,21.275563962237833,1493,1336,0
3.8939484444671004,2.4021042736350875,16.49937085979036,686,1219,533
3.7427244433475964,45.137218610703464,40.309489921554714,1086,1639,553
3.451799058906953,23.34313449892434,44.43577587492348,85,1410,1325
3.5456959935039194,32.04147310200988,38.79428621990218,150,1951,1801
3.381597716801426,33.13801914918624,40.61354765114001,1159,1750,591
4.108450561333629,44.80832816497355,22.259313909511363,1296,1634,338
3.7833917947661204,32.01514926727676,43.81880926539599,1411,1979,568
3.60085141676364,30.889712445623058,20.90777113360285,215,1406,1191
3.6620058036441328,3.799276007754153,43.54289431085497,432,1638,1206
4.147283339611816,26.1611970862876,44.84457881897853,1449,1978,529
3.3533514031160805,7.933365540443562,36.35168417238146,839,1865,1026
3.7862298320167973,37.002971551713536,44.43431195375466,80,1241,1161
3.7058886788844663,25.854985080227387,32.08619338701311,1448,1610,162
3.811454235434648,34.171275070813486,22.78625349528271,60,1722,1662
3.2181101838208406,2.562808579818021,28.109876569968627,1375,1809,434
4.072123908944151,4.697204794267259,32.806828061363575,145,1626,1481
4.132118282483613,35.95800770910277,17.19244686081045,1263,1474,211
3.7651331835892092,4.0681746319343315,33.67029793851738,502,1647,1145
3.896650823876892,4.0272080243803,44.435335102868834,241,1941,1700
4.122499381177295,1.0993695241269288,20.703229493511827,535,1568,1033
3.9072386343133987,47.84681921582427,38.7778534886515,1339,1419,80
3.3525390429142616,37.006663793220845,42.236963813388584,1497,1776,279
3.7762883601668134,17.985944720852174,43.31104778460663,1201,1431,230
3.8067150463828563,15.178511273738934,43.804068132163415,287,1527,1240
3.624130671302386,17.810309872419552,30.643789161644158,1428,1642,214
3.936444235624723,38.8453497934685,44.31923723974511,1185,1251,66
4.1343670147690155,33.23784524798551,37.71930621403317,1416,1575,159
4.125568512906776,9.667180609439663,19.850143087108858,1218,1462,244
3.6508393714041323,9.118412099037176,29.307003194039098,1138,1466,328
3.3132380458407553,5.370584660813167,36.549935261160115,1320,1558,238
4.184841198962335,33.18498462521624,22.420209474572502,784,1516,732
4.0388980864459345,38.33644677997593,34.218455506466626,1040,1523,483
3.324662681203267,13.619798202087699,34.998014371398575,874,1865,991
4.1208418826173725,1.5367755710301843,19.88099231425698,155,1851,1696
4.069896362062129,4.567497540083154,31.952559373582687,230,1762,1532
3.718838057126072,48.409071724829005,38.148807329358235,233,1828,1595
3.7912754357449296,15.124516485132302,29.966869936078258,275,1620,1345
3.5990027038701307,38.576545817987615,15.363093503283222,826,1245,419
3.2547616388220315,31.420846658286056,15.271154072378765,839,1799,960
3.535197241645901,19.406012162818346,25.710880319100365,1162,1919,757
4.002853448598012,10.681519478679977,42.78582205295346,737,1468,731
3.204632023004603,6.508627698890618,21.860303388108264,579,1800,1221
3.5334991716911444,30.9431419179239,34.03091066615062,1444,1580,136
3.5981686935909436,38.8443721415705,21.662276120799618,1021,1317,296
3.737395602937923,32.37326055028597,24.650099689786458,985,1765,780
4.11985561641276,26.749955595833338,40.44126268804452,1472,1315,0
3.5463459943659617,2.576585559865995,36.8658432680984,155,1829,1674
3.546953201896228,48.440194490921996,17.861978319396318,1344,1459,115
3.9375012481097484,40.03635248690144,27.86106062959301,880,1274,394
3.6522179408898072,14.994690816697755,15.875092909357933,728,1679,951
3.4246048229399824,49.008531303263105,29.42670439809027,898,1504,606
3.6524395161326937,30.293138686997946,34.87302035103204,1105,1206,101
3.3408570203798,29.329921581258702,18.555078707944546,442,1565,1123
3.3763869865062235,37.52962238176184,23.666548167274968,89,1833,1744
3.6983677727394797,40.68260451046181,26.93509876506471,709,1722,1013
3.618925449504548,32.99569106290938,42.585930739681494,1291,1547,256
4.1148459010681,6.840739445126902,44.79765046268892,1030,1637,607
3.5623938991166333,17.24424154672767,16.347338969868474,1155,1414,259
3.7805883502780437,46.44014019613946,37.83023770486176,894,1628,734
3.8322642879195303,11.61847278627067,26.151721992070296,250,1990,1740
3.2130944565883337,18.92226767995691,26.773745586884402,496,1697,1201
3.8635373720167108,21.8878057057377,37.62794920041068,1111,1739,628
3.3780359668697515,22.25054698987538,42.552792964362254,1284,1946,662
4.161070317469456,30.840509333479012,43.52785783507645,493,1566,1073
3.348662727753113,47.18225396836303,32.31367758114962,1400,1512,112
3.614624123727024,12.414289235708996,25.713634779015084,810,1737,927
3.285349668078644,6.514318126895444,38.62647257576337,276,1253,977
4.196874251845948,10.274789248066897,22.530041497869007,97,1740,1643
3.7021950103312427,44.402782560358844,31.92222086500553,1091,1666,575
3.795385017320044,32.4676352264327,25.757353845746195,961,1363,402
3.2670764773884278,14.652386067338426,34.69893221123628,236,1981,1745
3.949960470399178,40.88937347894655,22.211967386805206,394,1533,1139
3.409905593095586,43.13781481999008,20.747788372044774,273,1746,1473
4.098054289440714,42.402459765168764,42.54717260026311,879,1997,1118
3.405139640482007,45.98686341515795,18.054110488486106,537,1547,1010
3.3906877206636667,12.985930498581398,30.17873723204795,926,1472,546
3.236549667848095,37.874575472940776,21.625583488890268,898,1919,1021
3.672066945109999,23.29670511506993,16.167898899770023,1302,1949,647
3.7648411332626166,42.178928368058045,16.080564548742792,1463,1613,150
3.2657086394283525,36.560288519499856,20.25665316317482,1028,1699,671
3.9755276166950106,38.93414860173637,41.00311063518001,1066,1292,226
3.653288834748028,32.98001096521304,23.4743623193108,237,1884,1647
3.7243902693275803,9.28272408875049,43.513775117258874,319,1278,959
3.640762746938228,27.478832485398446,32.44866878967581,359,1821,1462
3.6007630608753263,49.241152106463154,28.098425693062982,1205,1416,211
3.7596403313082183,46.900709291607384,32.40266504008363,1145,1557,412
3.3552402459307125,2.6370999219520774,30.50095155678803,894,1817,923
3.3819281304952713,8.658333378607137,37.76328761271975,1260,1706,446
4.0617856210135175,7.020574286000815,23.474881979185568,535,1758,1223
4.146115462133633,36.43600554427213,25.591511748009072,1264,1380,116
3.573309316279753,40.98037382791878,41.82282907599752,1495,1775,280
3.470744673143554,11.06881263237826,43.393695394512164,169,1445,1276
3.8439995432390157,25.539708301115535,41.776746824594234,269,1443,1174
3.6087341710980967,42.1147998865544,27.583439818719405,102,1705,1603
3.225386355660345,36.773676465929405,38.410965090206446,1485,1621,136
3.3561525973661905,27.34074167184649,29.290071999032964,1310,1519,209
3.915972228847398,29.722210677709256,29.926195564383065,807,1286,479
3.8589239419101515,25.663847072355857,21.14040327171852,787,1416,629
3.2270959925034837,15.228648340281618,32.73390909775549,769,1689,920
3.4219721619329495,28.468588646521297,20.58407693260044,455,1718,1263
3.4310747965880717,34.59982245147949,24.946940972015813,657,1477,820
3.8718927435987287,43.72948433510998,40.65090604859805,1070,1921,851
3.219710537754364,31.99642202197278,21.212274276325658,471,1368,897
3.304108581984574,38.17551608363632,17.134748555202982,761,1529,768
3.9999160853731897,8.423545930251363,17.07022777838449,296,1849,1553
3.378544662054334,23.3470949837796,43.22353561509324,121,1640,1519
3.8527461078518748,0.9619151814411182,30.207613138855038,234,1590,1356
3.4381827810467267,12.71060379382034,27.28236215451055,55,1695,1640
3.2994413927593453,36.45985489809374,39.32635743023755,1279,1580,301
3.443172190999454,49.59459259179349,40.07477783731548,955,1505,550
3.9222669318556593,5.409315929567187,24.96573099346814,436,1941,1505
4.0556964681062855,20.373968635133767,35.80854172421385,748,1872,1124
4.030219864566992,40.1035129506084,38.1336844755566,1149,1712,563
3.597183529618455,10.599763914130493,34.63952060597863,1250,1947,697
3.868085136570646,27.97670499046317,19.547852244002982,876,1387,511
3.4049842954158214,36.7870291534689,41.27649250551171,398,1715,1317
3.4931477302610134,30.991279787878863,31.17283658208026,1328,1843,515
4.09633581852112,9.8072243634631,23.47417279110011,357,1626,1269
3.213001923510736,18.0915361499441,27.756845563130817,1418,1701,283
3.285508530854468,39.297693332027166,16.12713271196722,1200,1929,729
3.4078862551460274,27.934212449534822,18.836004036672527,336,1459,1123
3.22653220387382,0.7588658703741804,37.96640251547582,815,1712,897
3.3814354350897977,38.169042621390645,15.000349042660984,774,1270,496
3.7830415609696924,2.247912069541834,27.496974854468768,811,1677,866
3.621424550592498,37.41382224519599,30.675305432567654,432,1377,945
4.092671711076975,10.522787728179251,16.639032600029168,1479,1656,177
4.017443561738441,47.92463726590932,44.19234488916999,437,1388,951
3.541817351697876,18.71306718945318,21.78375993749016,574,1490,916
3.4594234334312928,16.683115008734916,24.125961589088426,688,1719,1031
3.579692408167267,7.8699584914560115,24.11827536765082,987,1964,977
3.790294942514808,15.627408666765637,21.912499863520498,325,1491,1166
3.4680636408228764,43.89421271049593,15.044214662589342,549,1955,1406
3.824148907849134,49.818549712548744,36.88034382263989,766,1834,1068
3.6094116521912407,18.731321760088992,44.00536499397856,386,1482,1096
3.7520471808519806,22.706226232249858,21.72880449855135,981,1743,762
3.636126529135317,36.24251144103548,34.891415754102674,530,1576,1046
3.4944657595419177,44.36669113302119,37.25688980876146,960,1857,897
4.148453306962157,29.855694542245814,40.45276137271574,1346,1355,9
3.963605794159761,19.88052205980255,27.678875910408273,1131,1707,576
3.3401131757664526,20.924781122006877,24.087927169212875,1401,1612,211
4.068467975897913,34.93309825159194,24.758854020690933,158,1727,1569
3.687431198249514,0.6593040484117947,36.378639992955385,1352,1554,202
4.094552226894091,31.169672204262113,39.50338399516908,377,1758,1381
3.9998552559473155,18.09690401684719,20.44841903269808,364,1962,1598
3.6252135044692335,39.81276789821567,26.128230244732954,1184,1386,202
3.2224693083201177,5.103036671245042,42.0582059024745,748,1230,482
3.4686773593849463,29.61601221394533,39.20080559084218,830,1459,629
3.741634214660867,24.308158049363126,44.54575208287427,1302,1620,318
3.8334782198261474,32.29511353230876,37.627447790462426,205,1728,1523
3.4578876854332026,3.710252926906933,26.79585603083767,1345,1750,405
3.3393560740728243,29.2091974776925,32.71913501983913,936,1503,567
4.034930236799299,28.293487103996423,34.83042762741961,1075,1238,163
4.184402180703552,28.25267467360046,17.35367448951372,807,1688,881
3.725690182302686,30.372639496524513,31.334908773115952,771,1843,1072
3.3716792858483036,33.98516289270493,36.27962485417829,962,1741,779
3.472307326519369,40.346955484198105,20.019639120031812,1359,1869,510
3.218390676547467,13.85612564634661,38.41895152276672,920,1477,557
4.114298806560499,41.339945803913075,32.51318341542335,62,1402,1340
3.3177510828901413,25.163656272040953,43.56665357092784,657,1265,608
3.7765164755142537,4.314384817149392,16.27266894620675,547,1307,760
3.474055220687206,3.3982709975769705,22.959784126664008,287,1467,1180
3.7541780025157934,17.04479677545501,33.04661637899472,1167,1421,254
3.8514203883518645,39.352400367017644,23.89679736617792,1411,1729,318
4.029741803707202,35.53020626967533,36.43272492213727,830,1289,459
3.4064212717606033,39.53644075128412,37.77015847565793,1244,1892,648
3.2109958286584805,26.104818293859665,18.075478921994232,655,1454,799
3.3368856300688075,22.289850398796784,30.415633926203032,710,1654,944
4.100018641848106,7.7989000719610555,30.26671666773168,898,1452,554
4.073890077562515,16.74554130366092,26.078423106466232,985,1456,471
3.7974131021703084,21.983958625606824,42.98774587709016,677,1582,905
3.8005168604336537,4.885721269141053,39.82518959619664,192,1641,1449
3.8650366745462557,11.420291659204958,35.9162814572891,1274,1798,524
3.37537127862345,30.11215205615507,36.42979907204993,1253,1289,36
4.11441194592496,36.915324154839894,28.851484314393574,763,1948,1185
3.6187705248920734,49.91820181395101,42.629835632897276,1437,1589,152
3.5831385282494974,46.68910990150611,35.83786281759856,528,1781,1253
3.7189177052828377,32.30697737699198,36.8694318496745,614,1243,629
3.246965966775055,21.351778638056565,40.85072711362036,520,1911,1391
3.3662833687560796,31.990779553057518,23.222147680265728,433,1863,1430
3.9380336164263707,39.389755094971484,39.212127116001085,975,1797,822
3.2827986679251264,6.357641450707672,20.85721808869476,466,1218,752
3.8031521094663883,20.790292039966268,25.360258567346634,357,1300,943
3.445349109681321,42.070213138963055,25.068313628095282,698,1806,1108
3.5892956140419767,19.499731120685677,44.355764051674214,1440,1965,525
3.4886937367707,28.807677425745734,40.69611671243781,1074,1556,482
3.555672716464949,29.59458336267881,36.035095847707794,1117,1741,624
3.9190459051842454,9.631574530115149,36.81170284846171,788,1960,1172
3.4971217156231753,18.430654361788275,31.862183832077132,1171,1232,61
3.7664046402968974,17.05830879272564,43.41272001325557,1338,1428,90
3.6760504021991,1.7967370723372074,29.887762586470846,189,1723,1534
3.863671165362648,1.6974923126220847,26.415531296096837,1310,1829,519
4.136829739324758,41.66900366195079,19.89106010794773,1023,1354,331
3.9325720972102505,14.017005093654214,38.58616956783174,1066,1622,556
3.414940378590757,26.144898928821362,37.033317962267745,1002,1445,443
3.231183135061285,15.286915892644267,26.530651155724044,953,1604,651
3.4622640442998254,47.063622633209356,15.75580241877688,121,1958,1837
3.795077930700255,13.335189563855801,40.16991983154033,1263,1740,477
3.2514258134842504,21.768012230577288,15.34253950362221,1341,1360,19
3.6963662472012366,43.70014739898779,36.11099338887153,1394,1946,552
3.7968428489168895,42.17571155619453,44.10771329178171,156,1901,1745
3.534243890816961,9.712020183390727,28.129839844446103,1305,1316,11
3.970912203745822,40.230843834887665,22.04920214987858,1115,1470,355
3.306598253133772,23.180250893525685,36.146130301301454,932,1969,1037
3.275137781735809,24.406959168225082,39.51384426046755,188,1891,1703
3.9281887562036033,7.1072586345892175,31.39290948233542,664,1686,1022
3.6954913162061986,4.489774930977671,44.01105825768438,912,1371,459
3.888402396427736,36.53299569520138,16.550061649738833,322,1473,1151
3.6348273386037464,25.074827041587337,30.143867949135846,465,1458,993
3.446402033239107,22.124109779451388,36.5536184196765,555,1334,779
4.0191023176742,36.61065731829364,40.87921413447537,782,1882,1100
3.9994158789689793,38.39288850005993,20.377668357233702,473,1921,1448
3.894696470854427,8.365954299633001,39.00010445291044,1480,1947,467
3.4721451372299628,30.706144899143244,31.581212271556357,439,1621,1182
3.7902306668690873,7.200027072745433,26.8966104596989,391,1620,1229
3.560973896940027,37.69306675843776,18.951450857372805,995,1385,390
3.2915820733266345,33.019280235223405,40.95887276726737,663,1563,900
4.1173135754622425,47.85242374363117,19.71819624539146,542,1806,1264
3.3368186309189616,3.9134218096428484,24.29363577627298,241,1577,1336
4.150237353820803,3.3242086969870885,23.701365958873104,548,1722,1174
3.646005772957956,14.468260197313407,41.142421025725625,871,1779,908
